<?xml version="1.0" encoding="UTF-8"?>
<tutorial>
    <title>Working with DITA Tables</title>
    <goal>Learn to insert and edit DITA tables.</goal>
    <mission id="insert-table">
       <title>Insert a DITA table</title>
        <activity>
            <description>
      &lt;ul>
          &lt;li>Place the caret inside the first paragraph, use
                the &lt;b>Down&lt;/b> arrow to move after the paragraph.&lt;/li> 
          &lt;li>Click the &lt;b>Insert a table&lt;/b> action, choose to insert a &lt;b>CALS&lt;/b>
                table.&lt;ul>
                            &lt;li>Set the table title to "&lt;b>My table&lt;/b>"&lt;/li>
                            &lt;li>Choose to generate &lt;b>2&lt;/b> rows and &lt;b>3&lt;/b> columns.&lt;/li>
                            &lt;li>Uncheck the &lt;b>Generate table header&lt;/b> checkbox to disable the generation of a header row. &lt;/li>
                            &lt;li>Set the &lt;b>Column widths&lt;/b> property to &lt;b>proportional&lt;/b> to create a table with proportional column withs.
                            &lt;li>Set the &lt;b>Frame&lt;/b> property to &lt;b>all&lt;/b> to add a border around the table.&lt;/li>
                            &lt;li>Set &lt;b>unspecified&lt;/b> everywhere else &lt;/li>
                       &lt;/ul>&lt;/li>
          &lt;li>Click &lt;b>OK&lt;/b> to close the dialog.&lt;/li>
          &lt;li>Click inside the first cell and using &lt;b>TAB/Shift-TAB&lt;/b> to navigate
                between cells insert in the cells the numbers &lt;b>1 to 6&lt;/b>.&lt;/li>
&lt;/ul> </description>
          <files ignoreXPath="@id" editPath="insert_table.dita" expectedPath="insert_table_expected.dita"/>
            <hint>The &lt;b>Insert a table&lt;/b> action can be found on the main DITA toolbar, 
    in the main menu &lt;b>DITA->Table&lt;/b> submenu or in the contextual menu in the &lt;b>Insert&lt;/b> submenu.</hint>
        </activity>
    </mission>
    <mission id="join-cells">
        <title>Join two cells in a table</title>
        <activity>
            <description> &lt;p>Use the mouse to select the first two cells in the table, right
                click and press &lt;b>Join&lt;/b>&lt;/p> </description> 
            <files editPath="join_table_cells.dita" expectedPath="join_table_cells_expected.dita"/>
            
        </activity>
    </mission>
    <mission id="split-cells">
        <title>Split a cell in a table</title>
        <activity>
            <description> &lt;p>Use the mouse to place the caret in the first cell, right click and
                choose &lt;b>Split&lt;/b>&lt;/p> </description>
            
          <files editPath="split_table_cells.dita" expectedPath="split_table_cells_expected.dita"/>
            
        </activity>
    </mission>
    <mission id="convert-row-header">
        <title>Convert a table row to a header row</title>
        <activity>
            <description> &lt;p>Use the mouse to place the caret in the first cell, right click and
                choose &lt;b>Table properties&lt;/b>&lt;/p>
                &lt;p>Choose the &lt;b>Rows&lt;/b> tab and change the &lt;b>Row type&lt;/b> to &lt;b>Header&lt;/b>, then click &lt;b>OK&lt;/b>&lt;/p>
            </description>
          <files editPath="convert_row_header.dita" expectedPath="convert_row_header_expected.dita"/>
        </activity>
    </mission>
</tutorial>
